,Date,Target,ICO_stationary,rain_stationary,Bond_stationary,Tea_stationary,Starbucks_stationary
13,1993-07-01,14.996428571428574,4.607499999999995,79.83100000000002,-0.15748917748917535,0.07169192845611683,-0.012101555846559586
14,1993-08-01,14.738636363636367,3.0024999999999977,-63.12500000000003,-0.1275108225108239,-0.051624365405308126,-0.09423526292721851
15,1993-09-01,14.742857142857144,-0.41499999999999204,43.72900000000001,-0.3177272727272733,-0.0405460943943492,0.0955498684960607
16,1993-10-01,15.040476190476193,-7.170000000000002,36.24300000000004,-0.03152380952380884,0.06021885999305443,0.021023044642930977
17,1993-11-01,14.102380952380955,-0.10500000000000398,7.814000000000064,0.36876190476190285,-0.05334598070529317,-0.15045134563616638
18,1993-12-01,13.796590909090913,0.5174999999999983,-104.1990000000001,0.04130735930736229,0.03367321510658794,-0.0024977476808108467
19,1994-01-01,13.564285714285717,-1.7125000000000057,18.125999999999976,-0.034116883116884544,-0.0066445427186678785,0.0915825559512291
20,1994-02-01,13.171052631578954,2.052499999999995,4.690000000000026,0.24488721804511204,0.07076907088820672,-0.0013244795276894372
21,1994-03-01,13.65,2.2199999999999847,7.727000000000004,0.5204233409610985,0.030583423372079643,0.020513059406682632
22,1994-04-01,14.081578947368426,2.657499999999999,-53.412000000000006,0.48547139588100663,-0.04939275532957588,0.07753791629511075
23,1994-05-01,13.028571428571432,17.417500000000004,7.063999999999993,0.2175513784461165,-0.025642430613337375,-0.03817418477197976
24,1994-06-01,12.874999999999998,5.60499999999999,73.66300000000001,-0.08830735930736111,0.019293202934679066,-0.03664513290211245
25,1994-07-01,12.744999999999996,34.69750000000002,-80.38600000000002,0.19319545454545395,0.08541775115435168,-0.09451160061051733
26,1994-08-01,12.86521739130434,-34.995000000000005,23.727000000000032,-0.0556934782608689,-0.029675768146117498,0.11288681086431464
27,1994-09-01,12.74642857142857,-2.6325000000000216,-17.15300000000002,0.2198530020703906,-0.055741983008234186,-0.132372555598623
28,1994-10-01,12.847619047619045,-31.182500000000005,121.00799999999998,0.27861904761905176,0.018928009885518904,0.026654591355767643
29,1994-11-01,12.633333333333333,-11.689999999999998,-102.62500000000006,0.21971428571428486,-0.09156719352549114,0.18111599981313664
30,1994-12-01,12.351190476190474,-10.882500000000022,-11.580999999999932,-0.1386666666666656,-0.04913268857764397,-0.17365259210626285
31,1995-01-01,12.0139880952381,15.517500000000013,-11.138999999999996,-0.04023809523809874,-0.007220247973487304,-0.013756107325954697
32,1995-02-01,12.042105263157893,8.509999999999991,-30.355500000000006,-0.3040802005012493,-0.01459879942115272,0.07106374479720518
33,1995-03-01,12.479347826086958,11.837499999999977,36.54050000000001,-0.2649839816933657,-0.014815085785140347,-0.03703366236420863
34,1995-04-01,12.213157894736838,-5.752499999999998,94.23699999999997,-0.14822654462242468,0.007434978487517618,0.044889295239276455
35,1995-05-01,12.259090909090904,-4.599999999999994,-60.56999999999999,-0.4257200956937792,-0.037740327982846544,0.12791638384378362
36,1995-06-01,12.310227272727275,-11.655000000000001,105.273,-0.4678636363636359,-0.007722046093910251,0.041757472792439077
37,1995-07-01,12.207499999999996,-1.4449999999999932,-62.446999999999974,0.11208636363636071,-0.007782140442055052,-0.07615713182248396
38,1995-08-01,12.318478260869567,13.462500000000006,23.63300000000001,0.21585434782608992,-0.031748698314580714,-0.08275019941335907
39,1995-09-01,12.61,-9.139999999999972,-78.56500000000003,-0.29330434782608883,0.054915757596115,0.0489665023127778
40,1995-10-01,12.913636363636362,0.6699999999999875,-50.26999999999998,-0.15600000000000058,-0.03101023674256087,-0.19870743669471433
41,1995-11-01,13.249999999999995,1.6500000000000057,0.43199999999998795,-0.11333333333333062,-0.02390552085355413,0.24597715395476116
42,1995-12-01,13.970624999999998,-7.887499999999989,130.662,-0.21746666666666847,0.02390552085355413,-0.10663383822595432
43,1996-01-01,13.681818181818175,6.867500000000007,-58.05599999999998,-0.0605636363636366,0.07579383936953388,-0.23998671295310914
44,1996-02-01,14.005,12.549999999999997,104.34150000000001,0.15551363636363646,-0.022141125877213064,0.2179968593573266
45,1996-03-01,13.508928571428573,-1.5849999999999937,-92.91750000000002,0.46256428571428465,0.022141125877213064,0.23593044790291096
46,1996-04-01,13.33392857142857,-0.6800000000000068,-87.10499999999996,0.23709523809524136,0.03584613177313578,-0.022903271297130767
47,1996-05-01,13.759090909090908,0.6724999999999994,153.161,0.23250865800865572,0.007017572658646998,-0.14408828769044518
48,1996-06-01,13.87625,-3.2724999999999937,-122.04399999999998,0.17378181818182092,-0.0212022076506031,-0.10160804064289275
49,1996-07-01,13.913636363636368,-4.340000000000018,4.774999999999977,-0.04705454545454746,-0.02166149678117968,0.011629705438695126
50,1996-08-01,14.03352272727273,3.8500000000000085,8.837999999999965,-0.22963636363636475,0.049832373747875636,0.1611845051454519
51,1996-09-01,15.160000000000002,-2.780000000000001,-23.61299999999997,0.18924090909090996,0.0069204428445743815,0.0034240351710871364
52,1996-10-01,15.113043478260868,3.847500000000011,71.19899999999998,-0.2901282608695661,0.027212563524884104,-0.061984103659394996
53,1996-11-01,14.974999999999996,-0.7124999999999915,-14.557999999999993,-0.3331217391304344,0.006688988150797215,-0.13681802492156492
54,1996-12-01,14.905952380952375,-3.927499999999995,-51.30499999999995,0.09274285714285746,0.0066445427186678785,-0.0016628439174229959
55,1997-01-01,14.977272727272727,9.112499999999983,83.4459999999999,0.2730389610389601,0.0389659685333843,0.04332671238930452
56,1997-02-01,15.094078947368422,16.027500000000003,-95.43899999999998,-0.1549712918660271,0.025158559636154543,0.1283281773151831
57,1997-03-01,14.505,5.497500000000002,-14.783999999999963,0.28003947368421134,0.1059814408562918,-0.2258599832934034
58,1997-04-01,12.985227272727276,-8.309999999999988,63.50199999999998,0.19038636363636297,0.10088122485378026,0.043752888118630096
59,1997-05-01,12.907142857142857,18.137500000000003,-121.88000000000002,-0.17311255411255466,0.005037794029957077,0.11559075477329783
60,1997-06-01,12.671428571428573,-33.432500000000005,149.29899999999998,-0.21780952380952456,-0.03061463581960666,0.0992310533867985
61,1997-07-01,12.940340909090908,-19.732499999999987,-120.09699999999998,-0.2743051948051951,0.040614719154190126,-0.07344040560300347
62,1997-08-01,14.361904761904762,-0.017499999999984084,-11.144999999999982,0.08211471861472042,0.09485779345867762,0.009548759562900466
63,1997-09-01,14.889285714285712,11.862500000000011,78.71499999999997,-0.09376190476190605,-0.060624621816435464,-0.03350733771547387
64,1997-10-01,14.58695652173913,-2.8474999999999966,-111.67499999999998,-0.17002277432712187,0.06963369175880096,-0.16733337172512075
65,1997-11-01,15.193421052631582,1.289999999999992,103.976,-0.1579496567505716,0.06509890221135617,0.03110317392585471
66,1997-12-01,17.111363318181816,12.512500000000017,-11.618000000000038,-0.06915311004784819,0.008368249670516192,0.23179057798616476
67,1998-01-01,18.767187349999997,1.0649999999999977,-62.3136999999999,-0.2700363636363612,0.060624621816435464,-0.23814988565587691
68,1998-02-01,17.352959894736852,-2.2524999999999977,79.02369999999996,0.039136842105262026,0.09709112417531962,0.17448700484794388
69,1998-03-01,18.136363727272727,-11.292500000000018,59.04099999999998,0.0692631578947367,-0.20463266577950634,0.00880547995005343
70,1998-04-01,19.733928523809524,2.319999999999993,12.24199999999999,-0.00952380952380949,-0.16072244499049315,0.01243935448698441
71,1998-05-01,19.81187495,-1.3349999999999937,76.95400000000004,0.017823809523809686,-0.22314355131420882,-0.05572782622193506
72,1998-06-01,21.050994227272728,-3.6550000000000153,-147.168,-0.15639090909090925,0.0,0.013230647341526902
73,1998-07-01,22.7886365,-0.8674999999999926,136.88600000000008,-0.03790909090909089,0.07410797215372167,0.015831256924427883
74,1998-08-01,22.677604095238088,8.532500000000013,-49.970000000000084,-0.11980952380952381,0.011834457647002417,-0.38068283482419596
75,1998-09-01,19.885564571428574,-0.8275000000000148,-5.018999999999977,-0.5448095238095245,0.028987536873252395,0.13561145055925183
76,1998-10-01,19.378409181818174,1.3975000000000222,34.60099999999997,-0.26433549783549726,-0.005730674708985362,0.29218293092567305
77,1998-11-01,20.983437400000003,3.0150000000000006,-53.75399999999999,0.30040454545454676,-0.09015109699429669,0.09256794894502529
78,1998-12-01,21.150568090909086,2.5999999999999943,46.102999999999994,-0.1861318181818179,0.012500162764230716,-0.09745026451926131
79,1999-01-01,21.53421073684211,-3.5600000000000023,32.9717,0.0777870813397108,0.08338160893905133,-0.09300770862040042
80,1999-02-01,19.668421473684216,-4.597500000000011,-5.230700000000013,0.2763684210526334,0.011363758650315248,-0.061709592217011
81,1999-03-01,18.930706608695647,-0.7449999999999903,-137.786,0.23100457665903829,0.06559728248581287,0.19996692005004713
82,1999-04-01,19.432142619047614,0.06499999999999773,48.93800000000002,-0.053287784679091565,-0.010638398205055744,-0.044217503487156584
83,1999-05-01,19.959999900000007,5.827500000000015,-146.16600000000005,0.36235952380952696,-0.08944506035192656,0.008289226987607146
84,1999-06-01,20.50795472727272,-1.6200000000000045,115.90200000000004,0.3611772727272706,-0.01769957709940062,-0.13824665482198006
85,1999-07-01,20.231547857142857,-5.3999999999999915,-80.5790000000001,-0.11167965367965316,-0.005970166986504211,-0.3437262372307883
86,1999-08-01,19.73607895454546,1.142499999999984,100.72000000000008,0.15436147186147142,-0.006006024060212667,0.19810830256037926
87,1999-09-01,19.598512,-0.8875000000000028,145.82399999999998,-0.028504329004327644,0.17627924233799241,0.2166123025733886
88,1999-10-01,16.70119042857143,6.929999999999993,-89.29999999999998,0.19257142857142728,0.010050335853502013,-0.015342303177311778
89,1999-11-01,16.41547642857143,9.35499999999999,-99.14100000000002,-0.07842857142857351,-0.09982033528221113,0.12876955173734905
90,1999-12-01,16.453977045454543,2.799999999999997,19.332000000000022,0.2427251082251125,0.010989121575595284,-0.2516355964265562
91,2000-01-01,16.371874850000005,-16.03,-55.82500000000002,0.3874772727272706,0.026955809988527868,0.10812365901553056
92,2000-02-01,15.78625,-5.9375,45.61300000000003,-0.12964999999999982,0.11541617064611742,0.22814967933294228
93,2000-03-01,15.933695608695654,1.0224999999999937,87.81699999999998,-0.2707739130434783,-0.02398196468648539,-0.1588750735147757
94,2000-04-01,16.775,2.562500000000014,-189.29500000000002,-0.26824713958810076,-0.014670189747793216,-0.07070687009949084
95,2000-05-01,16.439772818181815,2.927499999999995,221.45700000000002,0.44864832535885135,-0.009901070982712312,-0.196214206548172
96,2000-06-01,17.55511359090909,-1.7724999999999937,-135.87400000000002,-0.343454545454545,0.019705071079332726,0.2942053108277931
97,2000-07-01,17.23000015,1.8725000000000023,91.40900000000002,-0.04417272727272614,0.028848154337658194,-0.035405082378897834
98,2000-08-01,18.17968734782608,-3.5124999999999957,-42.51600000000002,-0.21920869565217327,-0.004750602758597289,-0.08708573762478666
99,2000-09-01,17.923437449999994,2.7025000000000077,-108.16199999999995,-0.032341304347830224,0.004750602758597289,-0.016461202671499864
100,2000-10-01,18.38068190909091,1.1325000000000074,-35.303000000000026,-0.05304999999999893,-0.06865440473807816,0.07289116441264598
101,2000-11-01,19.58571438095238,-1.2425000000000068,89.78899999999999,-0.032666666666665733,0.020101179321087237,0.07972360045909821
102,2000-12-01,19.00187495,-1.572499999999998,-9.760999999999996,-0.4738833333333323,-0.04580953603129423,-0.16882200071070552
103,2001-01-01,21.141815714285716,2.947499999999998,35.271,-0.08883095238095251,-0.026386755173194665,0.03375932310208163
104,2001-02-01,22.10542763157894,1.9425000000000026,-119.2673,-0.050882205513785195,-0.08361414004113321,0.08269282811035006
105,2001-03-01,22.79573868181818,0.045000000000001705,91.5713,-0.21205502392344489,-0.029500664396698184,-0.1797365191684568
106,2001-04-01,22.0447373,-0.9599999999999937,78.69100000000003,0.2455681818181823,-0.14818051284075473,-0.004895776701322463
107,2001-05-01,22.708272681818176,2.022500000000001,-127.57999999999998,0.24579545454545482,0.01379332213233564,0.09822504755257677
108,2001-06-01,22.98095214285714,-2.137500000000003,63.869,-0.11404545454545545,-0.020761991448428496,0.04255085890546484
109,2001-07-01,23.458333619047607,-2.1000000000000014,9.247999999999962,-0.05423809523809364,0.07410797215372167,-0.05529957814877107
110,2001-08-01,24.560608782608696,0.8275000000000006,-72.31699999999998,-0.23876190476190562,-0.039740328649513934,-0.09139870113039317
111,2001-09-01,22.7869334,0.4624999999999986,14.408999999999963,-0.22646666666666615,-0.0627383406334232,-0.05243229057094356
112,2001-10-01,21.12678256521739,2.1199999999999974,167.066,-0.19379420289855087,-0.007220247973487304,0.23603265026365094
113,2001-11-01,22.89985733333333,1.7374999999999972,-86.16899999999995,0.06545134575569289,0.014388737452099676,0.011687153734272204
114,2001-12-01,24.63249985,-1.0375000000000014,70.13699999999997,0.4415095238095237,0.0212022076506031,-0.0301824031048481
115,2002-01-01,27.91547623809524,-0.4624999999999986,-116.1443,-0.056080952380952453,0.020761991448428496,0.08690918770694789
116,2002-02-01,28.32942063157895,0.31749999999999545,40.05460000000001,-0.08835588972431108,0.03367321510658794,-0.14848357394567113
117,2002-03-01,29.68424975,3.877500000000005,45.60169999999998,0.3696368421052645,0.019672765598705233,0.06864886567943973
118,2002-04-01,32.2436819090909,-1.0025000000000048,36.081999999999994,-0.07903636363636402,-0.033006296468170326,-0.01699027574717915
119,2002-05-01,34.663363909090904,-3.8599999999999994,28.158999999999963,-0.05304545454545462,-0.06947237281476681,-0.10447006898012945
120,2002-06-01,33.74330025,-2.0549999999999997,68.11500000000004,-0.24586818181818249,0.04225980928988271,0.11361017306752985
121,2002-07-01,33.01745422727272,0.3375000000000057,-132.689,-0.2870409090909076,0.020478531343540496,-0.1846624061119928
122,2002-08-01,33.99327231818182,-0.05749999999999744,4.628999999999991,-0.3675454545454553,0.013423020332140823,0.06284104440137184
123,2002-09-01,31.984899800000004,5.0049999999999955,-48.903999999999996,-0.3839136363636366,0.03922071315328157,0.08781320780497426
124,2002-10-01,31.46421752173913,1.5225000000000009,-28.504999999999995,0.058071739130433286,-0.006430890330291206,0.06922222872170591
125,2002-11-01,30.9694998,1.3950000000000031,61.90699999999998,0.11612826086956618,-0.01954459607297032,-0.10210049493619389
126,2002-12-01,31.148904857142853,-5.215000000000003,-80.43199999999999,-0.010459523809522864,-0.03344793406753954,-0.05445351794624265
127,2003-01-01,30.980333523809524,0.8300000000000054,47.95960000000001,0.003857142857142115,0.026847250036187376,0.08357702420543633
128,2003-02-01,30.87842142105263,-0.7900000000000063,23.60239999999999,-0.13441604010025054,-0.054435206555016435,0.04222781272789411
129,2003-03-01,30.920381142857146,-3.1924999999999955,-78.65299999999996,-0.09420300751879696,0.054435206555016435,0.024396049896574068
130,2003-04-01,31.183523857142855,2.2149999999999963,35.53,0.14295238095238005,-0.0066445427186678785,-0.0546948714892328
131,2003-05-01,31.925476,1.5324999999999989,-107.84799999999996,-0.3799999999999999,0.013245226750020045,-0.10082464104195621
132,2003-06-01,33.625142952380955,-2.9975000000000023,172.873,-0.2348095238095227,-0.013245226750020045,0.10549173295872705
133,2003-07-01,34.45922727272728,1.6700000000000088,-130.38700000000003,0.628292207792208,0.03278982282299037,0.05977068442211264
134,2003-08-01,34.09838123809524,1.2425000000000068,108.38899999999998,0.48061255411255477,0.0,-0.08786659439000477
135,2003-09-01,33.327857,1.6524999999999963,-15.656000000000006,-0.17052380952380997,0.01916991610772012,0.0760196911637796
136,2003-10-01,32.509781869565224,-3.0849999999999937,5.871000000000009,0.0025693581780537045,0.055398779389788544,-0.04609808492754541
137,2003-11-01,32.06052636842106,-1.6475000000000009,95.91,0.029846681922196083,-0.030397477184370914,0.011135943812659477
138,2003-12-01,31.569909181818186,2.585000000000001,-120.025,-0.035277511961722574,-0.018692133012152112,-0.037445393930118254
139,2004-01-01,31.19309955000001,5.095000000000006,38.786100000000005,-0.1297909090909073,0.024845998586529916,0.06429316512941075
140,2004-02-01,31.55494710526316,-0.8474999999999966,12.318900000000014,-0.06072105263158001,0.012195273093818848,0.006205625629106759
141,2004-03-01,34.562739391304355,-1.8199999999999932,-75.57900000000006,-0.2541876430205945,-0.037041271680348764,-0.08016900038446373
142,2004-04-01,36.58995223809524,-3.5900000000000034,55.15900000000002,0.5132277432712216,-0.03195159980660289,0.03319331489963284
143,2004-05-01,30.933800150000003,0.8025000000000091,94.18299999999999,0.37523095238095117,-0.013072081567353067,-0.03333935566066781
144,2004-06-01,27.608571428571434,3.2674999999999983,-379.664,0.020149999999999224,-0.006600684031352166,0.09993466368794168
145,2004-07-01,26.040476190476195,-5.234999999999992,356.86800000000005,-0.24419047619047518,0.013158084577510998,-0.021291968192317157
146,2004-08-01,25.419545181818187,-1.0250000000000057,-89.24699999999999,-0.20953679653679647,0.0258078839558733,-0.12051793180815684
147,2004-09-01,25.447143,4.1000000000000085,15.70399999999998,-0.15455844155844023,0.04362062247589016,0.05384738631415642
148,2004-10-01,27.10285709523809,0.42500000000000426,10.842000000000013,-0.0319047619047641,-0.08258659100927446,0.07936462839553693
149,2004-11-01,26.71857133333333,4.32,-106.299,0.10533333333333328,-0.0405460943943492,0.022736120339172494
150,2004-12-01,24.77454540909091,4.795000000000009,88.16100000000006,0.03367532467532541,0.0405460943943492,-0.03800252700527462
151,2005-01-01,25.859000299999998,-2.8400000000000034,12.469599999999943,-0.013418181818183328,0.0,-0.12135531243722175
152,2005-02-01,25.229473736842106,2.9750000000000227,-9.867600000000024,-0.05129473684210328,-0.0200675630508087,-0.0680971352659312
153,2005-03-01,24.62727290909091,3.614999999999995,8.432000000000073,0.3333492822966484,0.006734032181343608,0.15428528410723974
154,2005-04-01,22.67095223809524,-8.359999999999985,-102.05100000000004,-0.16040692640692278,-0.013513719166722282,-0.13593539167868762
155,2005-05-01,22.190000095238094,-3.527499999999989,75.43699999999998,-0.19266666666666765,-0.041672696400568476,0.1987852194775166
156,2005-06-01,23.41136359090909,-5.2124999999999915,79.49600000000001,-0.14347186147186175,-0.014285957247476055,-0.0876027763242111
157,2005-07-01,23.3210003,-4.570000000000007,-179.55800000000002,0.17844090909090848,0.04225980928988271,-0.06806399491205406
158,2005-08-01,21.825652260869564,0.052499999999994884,137.67600000000004,0.08282391304347758,0.03390155167568132,0.03701137628812923
159,2005-09-01,20.355714285714285,-1.272500000000008,-79.332,-0.062031055900619414,0.013245226750020045,-0.04167981809204546
160,2005-10-01,20.330000047619052,7.194999999999993,78.94799999999998,0.25985714285714234,0.013072081567353067,0.1564037738897328
161,2005-11-01,19.880952285714287,4.0175000000000125,-32.95599999999999,0.08238095238095156,-0.04652001563489261,0.03636573577728841
162,2005-12-01,20.98333338095238,0.5349999999999966,40.86299999999994,-0.07042857142857084,0.026847250036187376,-0.11696048642670442
163,2006-01-01,20.347000049999995,8.747500000000016,30.277000000000044,-0.054352380952381374,0.10668414258833536,-0.013826671888510056
164,2006-02-01,21.044210473684217,-7.519999999999996,-125.89099999999999,0.15724210526316007,0.3356215347408993,0.11125698253151262
165,2006-03-01,21.71782617391304,-6.3374999999999915,175.755,0.15446224256292673,-0.18147085491364123,-0.08349434811022638
166,2006-04-01,21.73105273684211,-0.39749999999999375,-63.84400000000002,0.2630640732265448,0.0,0.014874753254092266
167,2006-05-01,20.64136363636364,-1.4000000000000057,-38.946,0.1215406698564605,0.05460413403485198,-0.08089457228173158
168,2006-06-01,20.885000045454547,-1.1225000000000023,21.829000000000008,-0.003636363636365658,0.028573372444055778,0.01470237281059239
169,2006-07-01,21.141500000000004,3.5774999999999864,52.57499999999999,-0.020822727272726382,0.009345862418237871,-0.016974749209945017
170,2006-08-01,20.89608691304348,6.814999999999998,-183.936,-0.20879782608695674,-0.0283037761628524,-0.09604901657062603
171,2006-09-01,20.72350005,-1.2950000000000017,33.32400000000001,-0.15785217391304407,-0.1112256351102241,0.21075289353361315
172,2006-10-01,21.94954545454545,-2.822500000000005,26.846000000000032,0.007609090909091343,-0.07205331764005773,0.046731719183410014
173,2006-11-01,21.272381142857142,4.222499999999997,10.111999999999966,-0.13021861471861396,-0.011560822401075477,-0.1404336125965191
174,2006-12-01,20.4645,1.4724999999999966,-22.593000000000046,-0.03284047619047836,-0.005830920310793353,-0.010698209860807495
175,2007-01-01,20.3904999,-4.657499999999999,-41.63099999999994,0.20005000000000184,-0.005865119452398204,-0.004557686611674772
176,2007-02-01,21.539999947368425,-3.792500000000004,23.316000000000003,-0.03861052631578854,-0.02985296314968089,-0.03517177496860846
177,2007-03-01,21.7527275,-3.242500000000007,-12.370000000000005,-0.16269856459330168,-0.012195273093818848,-0.006031251117424752
178,2007-04-01,23.12099995,1.3875000000000028,115.90900000000002,0.1252590909090907,-0.024845998586529916,0.08739799833708295
179,2007-05-01,22.722727272727276,2.219999999999999,-72.524,0.059922727272728515,-0.025479085300985638,-0.07629347728062585
180,2007-06-01,21.457142666666673,6.227499999999992,-47.82600000000002,0.35444155844155834,0.068562671437296,-0.01641085698503142
181,2007-07-01,21.426190619047624,-2.3574999999999875,52.54300000000012,-0.10100000000000176,-0.012121360532344028,0.056772559106376796
182,2007-08-01,22.15565234782609,-0.39000000000000057,133.96799999999988,-0.32754037267080705,-0.018462062839735616,0.03677304076911625
183,2007-09-01,23.00947378947368,1.9425000000000097,-61.27199999999999,-0.15822654462242447,0.09474536758936658,-0.01382661738666835
184,2007-10-01,25.74782613043478,0.339999999999975,4.768999999999977,0.008183066361554303,-0.011363758650315248,-0.0403495833830827
185,2007-11-01,23.00952385714286,-3.3375000000000057,-67.06899999999996,-0.3724637681159422,-0.02312241742085419,-0.07384328681474628
186,2007-12-01,23.442499800000004,1.184999999999988,56.19900000000004,-0.05616666666666603,0.011628037995119023,0.011538359266342724
187,2008-01-01,22.476666619047613,1.8874999999999886,-13.758000000000067,-0.3740238095238082,0.21268442052407277,-0.0032559580330944193
188,2008-02-01,22.9275003,10.712499999999991,84.80100000000002,0.015023809523808218,0.12296171113483467,0.05833782415384503
189,2008-03-01,21.8094999,-8.084999999999994,-127.947,-0.24069999999999991,-0.14183019543921738,-0.006230647145332391
190,2008-04-01,24.03136359090909,-11.717499999999987,-55.57499999999999,0.15810909090909142,0.04652001563489261,0.04146885513308751
191,2008-05-01,23.475237857142854,-0.8974999999999795,265.1930000000002,0.22294805194805267,-0.027651531330509904,-0.03485765692183129
192,2008-06-01,23.031904904761895,5.827499999999972,-120.31900000000019,0.21057142857142752,0.07644169549994206,0.08710151288370982
193,2008-07-01,24.17590913636364,3.117500000000007,10.842999999999904,-0.10051948051948045,0.04237922296886065,-0.21690479174521715
194,2008-08-01,26.975237809523808,-2.7875000000000227,-34.890999999999906,-0.0977662337662335,0.07588469752487281,0.2353351845983176
195,2008-09-01,25.074762000000003,-4.4325000000000045,-3.5560000000000116,-0.210095238095239,-0.011605546120307508,-0.08298639929015761
196,2008-10-01,22.11478269565217,-12.829999999999984,-137.647,0.10490890269151132,-0.14190431343510124,-0.26448598015163616
197,2008-11-01,21.16000026315789,5.7949999999999875,185.532,-0.2584302059496566,-0.25388017696233955,0.09079601430173478
198,2008-12-01,22.73409090909091,2.207499999999982,-141.22200000000007,-1.1134808612440188,0.022858138076050416,0.16597946097303518
199,2009-01-01,21.8600001,9.89500000000001,74.70700000000011,0.07410454545454526,0.21292199724267125,0.0573370376671416
200,2009-02-01,19.342631842105266,-0.6124999999999972,-39.13400000000007,0.36827105263157867,-0.03248545514448864,-0.0007682827794510683
201,2009-03-01,17.287727,-1.2275000000000063,75.05100000000002,-0.04296650717703354,0.009389740349839748,0.030769067359468716
202,2009-04-01,19.479047571428573,3.6049999999999898,-117.44900000000001,0.09078354978355119,0.032186686495901284,0.11092642732253033
203,2009-05-01,21.16749985,7.7749999999999915,-243.6550000000002,0.386761904761904,0.0045146803545268455,-0.07056921063819832
204,2009-06-01,23.02318159090909,-6.862499999999983,276.07600000000014,0.42240909090909096,0.08211955161837459,-0.027820979346601993
205,2009-07-01,21.9413635,-7.907499999999985,-153.434,-0.17099999999999982,0.10245172490959487,-0.028559370018615082
206,2009-08-01,20.389523571428573,3.089999999999989,95.66300000000004,0.042781385281384754,0.05110601093349665,0.1850537712996747
207,2009-09-01,20.85857138095238,0.6125000000000114,-18.148000000000025,-0.1865238095238091,0.0553774694689535,-0.1896235907217072
208,2009-10-01,20.107727272727274,4.180000000000007,103.9,-0.02621212121212091,-0.1292117314800061,-0.02204796924955721
209,2009-11-01,18.2879999,-3.1125000000000114,-174.77300000000002,0.028895454545452726,0.10880285984879912,0.03361905802487408
210,2009-12-01,18.55227263636364,3.41249999999998,124.43700000000007,0.18569545454545633,0.02377021933391177,0.014580273041379765
211,2010-01-01,19.351579052631575,-0.7224999999999966,-73.9044000000001,0.1300071770334914,-0.04460430623675382,-0.04442457740506578
212,2010-02-01,17.492631631578945,-4.049999999999983,64.54250000000006,-0.03178947368420948,0.03109058707003154,-0.03905510898676745
213,2010-03-01,18.809565130434773,0.522500000000008,-50.73710000000004,0.03999771167047994,-0.04879016416943216,0.09201683410829142
214,2010-04-01,18.88952385714285,1.1074999999999875,242.53800000000004,0.1000724637681163,-0.07410797215372256,-0.02645033872325664
215,2010-05-01,18.51899995,0.897500000000008,-34.62799999999993,-0.4065833333333333,-0.10964317744982655,-0.02070806630322508
216,2010-06-01,16.40090881818182,9.392499999999984,-33.15400000000008,-0.21875,-0.03939240171066061,-0.00291532361196456
217,2010-07-01,15.215238000000001,4.1825000000000045,102.2540000000001,-0.20909523809523822,0.03509131981126945,-0.08451298428532983
218,2010-08-01,15.602727272727272,-3.592500000000001,-216.10300000000015,-0.29635930735930716,0.07871556746547448,0.024370809467722854
219,2010-09-01,15.771904714285714,-2.727499999999992,172.35400000000007,-0.05135497835497782,-0.020121403199421017,0.08829575529998968
220,2010-10-01,16.275238190476188,-6.890000000000015,-138.18400000000003,-0.1293333333333333,0.012121360532344916,0.01344274868662998
221,2010-11-01,16.919999952380955,7.217500000000001,240.065,0.23052380952380913,0.011976191046715101,0.04442196350112848
222,2010-12-01,18.17499995454545,3.6599999999999966,-87.874,0.5419826839826842,0.0652822920904157,-0.03991974760356021
223,2011-01-01,14.994500100000005,4.655000000000001,-63.71260000000001,0.0883863636363631,0.07171530851059327,-0.06262532459851222
224,2011-02-01,13.488947368421053,5.0625,5.092500000000001,0.1959342105263162,-0.03521490629106605,-0.001730790566319751
225,2011-03-01,11.306956521739128,-4.3075000000000045,-41.28789999999999,-0.15842334096109933,-0.01808367543329581,0.06813723715889441
226,2011-04-01,11.8695,-4.835000000000008,47.42599999999996,0.02653913043478351,-0.025879447987820825,-0.043928589860493084
227,2011-05-01,10.84190476190476,-10.925000000000011,-60.59700000000004,-0.27446666666666664,-0.018904154639152182,-0.03039575490511348
228,2011-06-01,9.518636363636364,-12.277500000000003,-55.505999999999915,-0.16687878787878851,0.03377431711860357,0.005023777652105821
229,2011-07-01,9.132500000000002,-1.7274999999999636,-48.39200000000011,-0.013504545454545713,0.032670782289549116,0.08947462272393647
230,2011-08-01,6.169999999999999,6.592500000000001,62.27100000000013,-0.6915152173913035,0.0,-0.16682924278531042
231,2011-09-01,5.065714285714286,4.58250000000001,10.084999999999923,-0.3225300207039339,-0.047540944769000504,0.11776481614237522
232,2011-10-01,5.828571428571428,-13.719999999999999,25.337000000000018,0.16357142857142848,0.007462721201589417,0.0061983940869736465
233,2011-11-01,6.090476190476191,3.9350000000000023,-79.33199999999997,-0.12214285714285733,-0.01121507082013995,-0.006025619802057847
234,2011-12-01,7.4242857142857135,1.1525000000000034,33.41099999999997,-0.035952380952380736,-0.018975901459005406,-0.004123364701237531
235,2012-01-01,9.072499999999998,5.914999999999992,37.057000000000016,-0.0253309523809524,0.0076336248550710195,0.02482152069896193
236,2012-02-01,11.113499999999998,-3.7075000000000102,-80.135,0.01419999999999999,0.0037950709685512507,-0.0405677575957224
237,2012-03-01,11.315454545454545,-8.047499999999985,60.19,0.20293181818181827,0.033522692038643775,0.05927032048720271
238,2012-04-01,9.32,-0.17000000000001592,-136.15599999999995,-0.13283181818181822,0.018149318505677137,0.022219595982556406
239,2012-05-01,7.561363636363637,5.025000000000006,-11.787000000000063,-0.23835000000000006,0.00716848947861326,-0.17673110620297772
240,2012-06-01,7.3238095238095235,-3.1250000000000284,-10.140999999999991,-0.1814761904761908,0.028170876966695957,0.047285528836281454
241,2012-07-01,7.576666666666667,15.935000000000002,89.751,-0.10938095238095213,0.03748309325474075,-0.010907859029319233
242,2012-08-01,8.85217391304348,-7.579999999999984,48.14599999999999,0.17003105590062106,0.02965620958288806,-0.05741677931115907
243,2012-09-01,9.463157894736842,4.380000000000024,-84.06899999999993,0.04356292906178494,-0.013072081567353067,0.16575271027272898
244,2012-10-01,9.644285714285713,-4.612499999999983,88.73299999999998,0.008406015037593972,-0.054067221270275745,-0.13821214769948043
245,2012-11-01,10.33095238095238,-5.090000000000003,-132.72100000000003,-0.078523809523809,0.054067221270275745,0.12549634986400804
246,2012-12-01,13.145500000000002,-0.7424999999999784,111.48800000000003,0.061930952380952364,0.013072081567353067,-0.006361904568676913
247,2013-01-01,13.891428571428571,8.044999999999987,-33.4169,0.18544999999999945,-0.00978800636616306,-0.018543813707082357
248,2013-02-01,13.251578947368419,0.03249999999999886,138.23790000000002,0.07742105263157839,-0.046988509435919035,-0.037836407086987656
249,2013-03-01,13.682999999999998,1.1125000000000114,-125.07999999999998,-0.021921052631578286,-0.08982695838979371,0.040312056719334244
250,2013-04-01,15.262727318181822,-1.3899999999999864,-32.049000000000035,-0.2143181818181823,-0.11543616764656761,-0.01468587208853478
251,2013-05-01,14.52590909090909,-0.48500000000002785,225.00900000000001,0.18686363636363668,0.008403410796379518,0.04830494881452463
252,2013-06-01,15.0915,-5.897500000000008,-77.715,0.37100454545454564,-0.03404584140971689,-0.041420161095086616
253,2013-07-01,14.390909090909092,4.4624999999999915,-132.387,0.2768590909090909,-0.013072081567353067,0.028202823370760743
254,2013-08-01,14.848636363636365,0.7949999999999875,195.764,0.1645454545454541,0.0,-0.017157739590702548
255,2013-09-01,14.5545,-0.8450000000000131,-78.09400000000005,0.07034545454545515,-0.07275935428242875,0.0015710177000398673
256,2013-10-01,16.22608686956522,-2.1525000000000034,-96.35899999999998,-0.20106086956521851,-0.058268908123975116,-0.0008150889574718434
257,2013-11-01,18.929500099999995,-1.5549999999999926,96.203,0.10876086956521824,0.04401688541677373,-0.010445792976998547
258,2013-12-01,22.001904952380947,8.042500000000004,-103.49100000000001,0.1835,0.10870420160089012,-0.06520382126310187
259,2014-01-01,22.634761857142855,4.45750000000001,101.92790000000002,-0.049857142857143266,0.09413899091386213,-0.00876055822652333
260,2014-02-01,21.04421042105263,19.364999999999995,-83.89990000000002,-0.1448796992481194,-0.14250006260728298,0.00972725080890724
261,2014-03-01,20.67380938095238,11.210000000000008,72.89099999999999,0.01940350877192909,-0.06034312990746926,0.05071745049046328
262,2014-04-01,19.680952523809523,-10.454999999999984,-11.867999999999995,-0.025380952380951616,0.0,-0.06016357221959101
263,2014-05-01,20.18571428571429,-19.93750000000003,-114.487,-0.13947619047619098,-0.06421959273429323,0.04282232650909723
264,2014-06-01,20.35761923809524,-15.547499999999985,76.74900000000002,0.04076190476190478,-0.025841231183887814,0.06232463661636167
265,2014-07-01,21.800454545454546,3.7125000000000057,60.071999999999974,-0.06257142857142872,0.09483410267083947,-0.027117061303840284
266,2014-08-01,21.851428380952377,12.455000000000013,-113.10400000000001,-0.11780952380952359,-0.03390155167568132,-0.05079665114593723
267,2014-09-01,25.020952476190477,-0.7524999999999977,59.499000000000024,0.11623809523809614,-0.07145896398214546,-0.006142019161814449
268,2014-10-01,27.98869543478261,5.849999999999994,72.21800000000002,-0.24012422360248564,0.01052641298698731,0.004758132657717962
269,2014-11-01,28.67894726315789,-13.127499999999998,-36.668000000000006,0.03448512585812402,-0.005249355886143725,0.0618837467308917
270,2014-12-01,28.894545409090906,-8.404999999999973,27.081000000000017,-0.11842583732057443,-0.010582109330536937,-0.00511382859377818
271,2015-01-01,30.36250005,0.9675000000000011,-25.254000000000033,-0.33081363636363625,0.21029540883636066,-0.02328855641834915
272,2015-02-01,25.19684221052632,0.8049999999999784,-38.66499999999999,0.09634473684210465,0.042200354490376846,0.08018626553671959
273,2015-03-01,24.55,-5.277499999999989,106.07900000000001,0.07092344497607694,0.11686434013931102,-0.06463700240592463
274,2015-04-01,24.97142857142857,7.390000000000001,-57.34,-0.11372294372294323,0.01821543989134078,-0.006875443262591041
275,2015-05-01,24.246000050000006,0.6574999999999847,-111.12,0.2647047619047618,0.10932377071040733,0.013298142334534191
276,2015-06-01,24.659090818181824,5.512500000000003,103.195,0.16510909090909154,0.05661889399950759,0.006708723253982196
277,2015-07-01,22.87227295454545,-3.382499999999993,31.029000000000025,-0.041636363636363694,0.036039936483197366,0.005946668858299642
278,2015-08-01,22.738571619047622,3.3924999999999983,-99.83500000000001,-0.15351082251082326,-0.06709833350316963,-0.04816592433178757
279,2015-09-01,25.42523804761905,-5.4824999999999875,-11.037999999999982,0.006428571428571228,-0.02232947639808902,-0.0004162770600473209
280,2015-10-01,28.914545545454544,6.924999999999997,-28.081000000000017,-0.109008658008658,0.04417121831313775,0.06974351964306624
281,2015-11-01,29.573500000000006,-2.2150000000000034,39.39699999999999,0.20566818181818203,-0.05715841383994835,-0.054373761543534016
282,2015-12-01,31.384090727272724,1.2449999999999903,-58.522400000000005,-0.02616818181818159,-0.009852296443011888,-0.03862445556070959
283,2016-01-01,28.084210421052642,-3.177500000000009,66.62250000000002,-0.16347129186602904,-0.10793073921337193,-0.017582807042350268
284,2016-02-01,26.2155001,2.530000000000001,5.613799999999998,-0.29821052631578904,-0.09237332013101529,0.021316995154124108
285,2016-03-01,26.2295455,5.3799999999999955,-36.14789999999999,0.10909090909090846,-0.07534943724178689,0.041148167744799125
286,2016-04-01,30.193333190476192,-0.7249999999999801,134.907,-0.08694805194805144,-0.08622117544712893,-0.013464975665043788
287,2016-05-01,29.18952347619048,-0.2750000000000057,4.9739999999999895,0.0034761904761906326,0.0463045680416867,-0.07947270064804712
288,2016-06-01,30.306817954545465,3.315000000000012,-120.81400000000002,-0.1624826839826845,0.08663423197290143,0.060771607102246605
289,2016-07-01,31.46449979999999,2.142499999999984,62.960999999999984,-0.1411863636363635,0.008264509849894353,0.041854285725568374
290,2016-08-01,30.94000004347827,-5.247499999999974,33.128000000000014,0.05565869565217407,-0.050643732818755005,-0.057565765209283803
291,2016-09-01,34.46285738095238,2.6424999999999983,54.34299999999999,0.07458178053830222,0.00862074304390692,-0.006047059842918312
292,2016-10-01,32.55428595238095,0.5525000000000091,-26.62699999999998,0.12690476190476185,0.025425098365809973,0.007568546773768059
293,2016-11-01,33.886666380952384,-0.06999999999999318,-126.517,0.3811904761904763,0.1145234285793455,0.05505837852269524
294,2016-12-01,35.13809509523811,-14.295000000000016,113.87539999999998,0.34928571428571376,-0.003738322110606873,0.009716727251588342
295,2017-01-01,34.327499700000004,7.157500000000027,-32.8275,-0.06062142857142838,0.1330631182071622,-0.04882219395893461
296,2017-02-01,33.53421068421053,-0.13999999999998636,21.191199999999995,-0.007528947368421246,0.003273325344969713,-0.015083145217396954
297,2017-03-01,33.10434782608696,-0.6725000000000136,-36.49710000000002,0.06062242562929043,-0.046831299684099825,0.019107482647209295
298,2017-04-01,35.850000105263156,-3.3525000000000205,-54.75999999999999,-0.18641189931350066,-0.01727158650866034,0.05158553419521894
299,2017-05-01,32.56136354545455,-1.5724999999999625,103.32700000000003,0.009822966507176734,0.024097551579060905,-0.01720278921789209
300,2017-06-01,30.69545445454546,0.8124999999999858,35.95999999999998,-0.11731818181818188,0.06581321856957167,-0.035389410094166074
301,2017-07-01,30.51499995,6.572500000000005,-77.52599999999995,0.12791363636363684,-0.048949412517567126,-0.05195010792683874
302,2017-08-01,31.126086869565214,1.517499999999984,-12.190000000000026,-0.10513695652173904,-0.030562650410167258,-0.011659936976590402
303,2017-09-01,31.224999899999997,-3.54500000000003,-13.402999999999992,-0.006463043478261099,0.020478531343541384,0.07266234116848969
304,2017-10-01,32.47045468181819,-3.8549999999999898,11.366999999999962,0.15641363636363614,0.03322564762832059,-0.0011598340445093669
305,2017-11-01,33.045237809523805,-0.25,100.27900000000002,-0.00376839826839781,-0.02649161544697698,0.02899661059529679
306,2017-12-01,33.59750055000001,0.29999999999999716,-76.47899999999998,0.048904761904761784,-0.06588170468403831,-0.008108239956266416
307,2018-01-01,31.53333328571428,3.8149999999999835,-29.86100000000002,0.17990476190476157,0.059147672502694704,-0.006017373655914149
308,2018-02-01,31.11052636842105,0.045000000000001705,0.0,0.27762155388471266,0.010084119066625874,-0.08665437155405797
309,2018-03-01,31.754761619047613,-0.1325000000000074,0.0,-0.017240601503760278,-0.062088904056940564,0.10383968971133939
310,2018-04-01,29.02619071428572,-0.06999999999997897,0.0,0.02280952380952428,-0.04364328973190723,-0.02538442384455042
311,2018-05-01,27.07272731818182,1.3449999999999989,0.0,0.11199567099567043,-0.0263668758407416,-0.03660875281594933
312,2018-06-01,30.38238104761905,-1.96250000000002,0.0,-0.06480519480519442,-0.038915416249674095,-0.028615604553344554
313,2018-07-01,29.226190428571428,-1.7924999999999898,0.0,-0.022952380952380835,-0.011976191046715101,-0.015972976143729056
314,2018-08-01,29.073913043478264,-2.2524999999999977,0.0,-0.0012028985507250844,-0.03681397312271706,0.10560127860951019
315,2018-09-01,27.50263152631579,-0.4474999999999909,0.0,0.11560640732265526,0.004158010148663571,0.016479373994649826
316,2018-10-01,24.660869478260878,12.847499999999982,0.0,0.15113272311212844,0.004140792666031956,-0.021401338343162823
317,2018-11-01,24.238571476190483,-2.217499999999987,0.0,-0.037250517598343524,-0.025105921131076236,0.11631440399516801
318,2018-12-01,23.56368436842105,-8.530000000000001,0.0,-0.28509273182957484,-0.025752496102414923,-0.17746558798249534
319,2019-01-01,24.42095242857143,0.10250000000002046,0.0,-0.12624060150375893,-0.013129291441792645,0.03324856387529529
320,2019-02-01,24.23631594736842,1.7449999999999903,0.0,-0.03170676691729346,-0.049671609797237615,0.07158233116254031
321,2019-03-01,22.58047604761905,-0.14750000000000796,0.0,-0.1047218045112781,-0.013986241974739855,-0.055231536132581915
322,2019-04-01,20.404285714285713,-1.5324999999999989,0.0,-0.04085714285714337,0.027779564107075494,0.03772376036870995
323,2019-05-01,19.100555722222225,0.0899999999999892,0.0,-0.10578947368421021,0.0,-0.03513455550395772
